,时间,开盘,收盘,最高,最低,涨跌幅,涨跌额,成交量,成交额,振幅,换手率
0,2023-05-22 09:35:00,10.48,10.48,10.51,10.44,-0.47,-0.05,11299,11830341.0,0.66,0.03
1,2023-05-22 09:40:00,10.47,10.45,10.49,10.45,-0.29,-0.03,6311,6606292.0,0.38,0.02
2,2023-05-22 09:45:00,10.46,10.46,10.48,10.45,0.1,0.01,6553,6853315.0,0.29,0.02
3,2023-05-22 09:50:00,10.46,10.45,10.47,10.44,-0.1,-0.01,5258,5496347.0,0.29,0.01
4,2023-05-22 09:55:00,10.45,10.43,10.46,10.41,-0.19,-0.02,10700,11167873.0,0.48,0.03
5,2023-05-22 10:00:00,10.43,10.4,10.43,10.35,-0.29,-0.03,22190,23066458.0,0.77,0.05
6,2023-05-22 10:05:00,10.4,10.4,10.4,10.39,0.0,0.0,6932,7207068.0,0.1,0.02
7,2023-05-22 10:10:00,10.39,10.39,10.4,10.37,-0.1,-0.01,7060,7329674.0,0.29,0.02
8,2023-05-22 10:15:00,10.39,10.41,10.41,10.38,0.19,0.02,9344,9708191.0,0.29,0.02
9,2023-05-22 10:20:00,10.41,10.48,10.48,10.41,0.67,0.07,6887,7197794.0,0.67,0.02
10,2023-05-22 10:25:00,10.48,10.47,10.48,10.45,-0.1,-0.01,5753,6019055.0,0.29,0.01
11,2023-05-22 10:30:00,10.46,10.47,10.48,10.45,0.0,0.0,5955,6231270.0,0.29,0.01
12,2023-05-22 10:35:00,10.47,10.48,10.49,10.45,0.1,0.01,8947,9370850.0,0.38,0.02
13,2023-05-22 10:40:00,10.48,10.46,10.48,10.44,-0.19,-0.02,4340,4539616.0,0.38,0.01
14,2023-05-22 10:45:00,10.46,10.46,10.47,10.46,0.0,0.0,1718,1797740.0,0.1,0.0
15,2023-05-22 10:50:00,10.46,10.45,10.46,10.44,-0.1,-0.01,2768,2891235.0,0.19,0.01
16,2023-05-22 10:55:00,10.45,10.44,10.47,10.44,-0.1,-0.01,2238,2338801.0,0.29,0.01
17,2023-05-22 11:00:00,10.45,10.47,10.47,10.42,0.29,0.03,3734,3898207.0,0.48,0.01
18,2023-05-22 11:05:00,10.46,10.45,10.46,10.44,-0.19,-0.02,943,985265.0,0.19,0.0
19,2023-05-22 11:10:00,10.45,10.43,10.46,10.43,-0.19,-0.02,1854,1935844.0,0.29,0.0
20,2023-05-22 11:15:00,10.43,10.41,10.44,10.41,-0.19,-0.02,1624,1692522.0,0.29,0.0
21,2023-05-22 11:20:00,10.41,10.44,10.45,10.41,0.29,0.03,1023,1067122.0,0.38,0.0
22,2023-05-22 11:25:00,10.43,10.43,10.44,10.43,-0.1,-0.01,941,981826.0,0.1,0.0
23,2023-05-22 11:30:00,10.44,10.41,10.44,10.4,-0.19,-0.02,3297,3434508.0,0.38,0.01
24,2023-05-22 13:05:00,10.42,10.39,10.42,10.38,-0.19,-0.02,4489,4667553.0,0.38,0.01
25,2023-05-22 13:10:00,10.39,10.4,10.41,10.38,0.1,0.01,4499,4675540.0,0.29,0.01
26,2023-05-22 13:15:00,10.4,10.39,10.41,10.38,-0.1,-0.01,3738,3885201.0,0.29,0.01
27,2023-05-22 13:20:00,10.38,10.38,10.39,10.37,-0.1,-0.01,4825,5008653.0,0.19,0.01
28,2023-05-22 13:25:00,10.38,10.36,10.38,10.36,-0.19,-0.02,16897,17510377.0,0.19,0.04
29,2023-05-22 13:30:00,10.37,10.37,10.39,10.36,0.1,0.01,5532,5736093.0,0.29,0.01
30,2023-05-22 13:35:00,10.39,10.36,10.39,10.36,-0.1,-0.01,4110,4263120.0,0.29,0.01
31,2023-05-22 13:40:00,10.37,10.36,10.37,10.36,0.0,0.0,1573,1630457.0,0.1,0.0
32,2023-05-22 13:45:00,10.36,10.37,10.37,10.35,0.1,0.01,6074,6290824.0,0.19,0.01
33,2023-05-22 13:50:00,10.37,10.37,10.37,10.36,0.0,0.0,1643,1702153.0,0.1,0.0
34,2023-05-22 13:55:00,10.37,10.39,10.4,10.36,0.19,0.02,2957,3069825.0,0.39,0.01
35,2023-05-22 14:00:00,10.4,10.4,10.41,10.39,0.1,0.01,3917,4075403.0,0.19,0.01
36,2023-05-22 14:05:00,10.4,10.42,10.42,10.4,0.19,0.02,3195,3327003.0,0.19,0.01
37,2023-05-22 14:10:00,10.41,10.44,10.45,10.41,0.19,0.02,5747,5999190.0,0.38,0.01
38,2023-05-22 14:15:00,10.44,10.43,10.45,10.43,-0.1,-0.01,3681,3842296.0,0.19,0.01
39,2023-05-22 14:20:00,10.44,10.46,10.46,10.43,0.29,0.03,4356,4549657.0,0.29,0.01
40,2023-05-22 14:25:00,10.46,10.47,10.48,10.45,0.1,0.01,7721,8081546.0,0.29,0.02
41,2023-05-22 14:30:00,10.47,10.47,10.48,10.47,0.0,0.0,4027,4219223.0,0.1,0.01
42,2023-05-22 14:35:00,10.47,10.49,10.49,10.47,0.19,0.02,6299,6604191.0,0.19,0.02
43,2023-05-22 14:40:00,10.49,10.51,10.51,10.48,0.19,0.02,7077,7430914.0,0.29,0.02
44,2023-05-22 14:45:00,10.51,10.5,10.53,10.49,-0.1,-0.01,10586,11132958.0,0.38,0.03
45,2023-05-22 14:50:00,10.49,10.49,10.51,10.45,-0.1,-0.01,10598,11112057.0,0.57,0.03
46,2023-05-22 14:55:00,10.49,10.48,10.51,10.47,-0.1,-0.01,7999,8393291.0,0.38,0.02
47,2023-05-22 15:00:00,10.48,10.46,10.49,10.46,-0.19,-0.02,5654,5917111.0,0.29,0.01
48,2023-05-23 09:35:00,10.5,10.57,10.62,10.48,1.05,0.11,26606,28122213.0,1.34,0.06
49,2023-05-23 09:40:00,10.57,10.51,10.57,10.5,-0.57,-0.06,6614,6962811.0,0.66,0.02
50,2023-05-23 09:45:00,10.52,10.5,10.53,10.5,-0.1,-0.01,4584,4819855.0,0.29,0.01
51,2023-05-23 09:50:00,10.5,10.51,10.51,10.49,0.1,0.01,4331,4546196.0,0.19,0.01
52,2023-05-23 09:55:00,10.51,10.5,10.51,10.49,-0.1,-0.01,3356,3523255.0,0.19,0.01
53,2023-05-23 10:00:00,10.5,10.53,10.54,10.5,0.29,0.03,4600,4839179.0,0.38,0.01
54,2023-05-23 10:05:00,10.53,10.53,10.54,10.52,0.0,0.0,2483,2614540.0,0.19,0.01
55,2023-05-23 10:10:00,10.54,10.53,10.54,10.51,0.0,0.0,2304,2424978.0,0.28,0.01
56,2023-05-23 10:15:00,10.53,10.5,10.53,10.5,-0.28,-0.03,3113,3273553.0,0.28,0.01
57,2023-05-23 10:20:00,10.51,10.43,10.51,10.42,-0.67,-0.07,11031,11529290.0,0.86,0.03
58,2023-05-23 10:25:00,10.43,10.39,10.44,10.37,-0.38,-0.04,14453,15037990.0,0.67,0.04
59,2023-05-23 10:30:00,10.39,10.39,10.42,10.38,0.0,0.0,5756,5986961.0,0.38,0.01
60,2023-05-23 10:35:00,10.39,10.38,10.4,10.38,-0.1,-0.01,6677,6935590.0,0.19,0.02
61,2023-05-23 10:40:00,10.38,10.38,10.4,10.38,0.0,0.0,8162,8477840.0,0.19,0.02
62,2023-05-23 10:45:00,10.39,10.39,10.41,10.38,0.1,0.01,5812,6036594.0,0.29,0.01
63,2023-05-23 10:50:00,10.39,10.36,10.39,10.36,-0.29,-0.03,12191,12642588.0,0.29,0.03
64,2023-05-23 10:55:00,10.37,10.38,10.39,10.36,0.19,0.02,6192,6424269.0,0.29,0.02
65,2023-05-23 11:00:00,10.39,10.38,10.39,10.37,0.0,0.0,7548,7833542.0,0.19,0.02
66,2023-05-23 11:05:00,10.38,10.37,10.41,10.37,-0.1,-0.01,4687,4868198.0,0.39,0.01
67,2023-05-23 11:10:00,10.38,10.38,10.38,10.37,0.1,0.01,6037,6261966.0,0.1,0.01
68,2023-05-23 11:15:00,10.38,10.37,10.38,10.37,-0.1,-0.01,5231,5426466.0,0.1,0.01
69,2023-05-23 11:20:00,10.37,10.37,10.38,10.37,0.0,0.0,3275,3396528.0,0.1,0.01
70,2023-05-23 11:25:00,10.38,10.36,10.38,10.36,-0.1,-0.01,4584,4751604.0,0.19,0.01
71,2023-05-23 11:30:00,10.37,10.38,10.38,10.36,0.19,0.02,3786,3925316.0,0.19,0.01
72,2023-05-23 13:05:00,10.38,10.33,10.38,10.31,-0.48,-0.05,25195,26061415.0,0.67,0.06
73,2023-05-23 13:10:00,10.32,10.36,10.36,10.32,0.29,0.03,4076,4211533.0,0.39,0.01
74,2023-05-23 13:15:00,10.35,10.36,10.36,10.34,0.0,0.0,4751,4915456.0,0.19,0.01
75,2023-05-23 13:20:00,10.35,10.35,10.36,10.35,-0.1,-0.01,1842,1906549.0,0.1,0.0
76,2023-05-23 13:25:00,10.35,10.34,10.36,10.33,-0.1,-0.01,4662,4820620.0,0.29,0.01
77,2023-05-23 13:30:00,10.33,10.33,10.34,10.33,-0.1,-0.01,2987,3087413.0,0.1,0.01
78,2023-05-23 13:35:00,10.33,10.33,10.34,10.32,0.0,0.0,4796,4954543.0,0.19,0.01
79,2023-05-23 13:40:00,10.33,10.34,10.34,10.33,0.1,0.01,2079,2148127.0,0.1,0.01
80,2023-05-23 13:45:00,10.34,10.33,10.34,10.33,-0.1,-0.01,1822,1882944.0,0.1,0.0
81,2023-05-23 13:50:00,10.34,10.35,10.36,10.33,0.19,0.02,3432,3549978.0,0.29,0.01
82,2023-05-23 13:55:00,10.35,10.35,10.35,10.33,0.0,0.0,4076,4214983.0,0.19,0.01
83,2023-05-23 14:00:00,10.35,10.33,10.35,10.33,-0.19,-0.02,3185,3292166.0,0.19,0.01
84,2023-05-23 14:05:00,10.34,10.35,10.37,10.34,0.19,0.02,3496,3617149.0,0.29,0.01
85,2023-05-23 14:10:00,10.35,10.35,10.35,10.34,0.0,0.0,1990,2058231.0,0.1,0.0
86,2023-05-23 14:15:00,10.35,10.35,10.35,10.34,0.0,0.0,2473,2558159.0,0.1,0.01
87,2023-05-23 14:20:00,10.35,10.34,10.36,10.33,-0.1,-0.01,3925,4059405.0,0.29,0.01
88,2023-05-23 14:25:00,10.33,10.34,10.34,10.33,0.0,0.0,3310,3421307.0,0.1,0.01
89,2023-05-23 14:30:00,10.34,10.33,10.34,10.33,-0.1,-0.01,4083,4219471.0,0.1,0.01
90,2023-05-23 14:35:00,10.34,10.32,10.34,10.31,-0.1,-0.01,14027,14474812.0,0.29,0.03
91,2023-05-23 14:40:00,10.32,10.31,10.33,10.31,-0.1,-0.01,5394,5567614.0,0.19,0.01
92,2023-05-23 14:45:00,10.31,10.32,10.33,10.31,0.1,0.01,4959,5116767.0,0.19,0.01
93,2023-05-23 14:50:00,10.32,10.33,10.33,10.31,0.1,0.01,6549,6759912.0,0.19,0.02
94,2023-05-23 14:55:00,10.32,10.32,10.33,10.32,-0.1,-0.01,5262,5434058.0,0.1,0.01
95,2023-05-23 15:00:00,10.33,10.31,10.33,10.31,-0.1,-0.01,9347,9641690.0,0.19,0.02
96,2023-05-24 09:35:00,10.28,10.27,10.3,10.23,-0.39,-0.04,14283,14653157.0,0.68,0.03
97,2023-05-24 09:40:00,10.27,10.28,10.31,10.24,0.1,0.01,13792,14160110.0,0.68,0.03
98,2023-05-24 09:45:00,10.28,10.35,10.35,10.28,0.68,0.07,7752,7999836.0,0.68,0.02
99,2023-05-24 09:50:00,10.34,10.31,10.35,10.31,-0.39,-0.04,6187,6389721.0,0.39,0.02
100,2023-05-24 09:55:00,10.31,10.31,10.32,10.31,0.0,0.0,5546,5721150.0,0.1,0.01
101,2023-05-24 10:00:00,10.31,10.29,10.31,10.29,-0.19,-0.02,6330,6519445.0,0.19,0.02
102,2023-05-24 10:05:00,10.3,10.28,10.3,10.26,-0.1,-0.01,7257,7456562.0,0.39,0.02
103,2023-05-24 10:10:00,10.28,10.31,10.31,10.28,0.29,0.03,5407,5564422.0,0.29,0.01
104,2023-05-24 10:15:00,10.31,10.33,10.33,10.29,0.19,0.02,4338,4471686.0,0.39,0.01
105,2023-05-24 10:20:00,10.33,10.31,10.33,10.3,-0.19,-0.02,3847,3966945.0,0.29,0.01
106,2023-05-24 10:25:00,10.31,10.3,10.31,10.29,-0.1,-0.01,3909,4025354.0,0.19,0.01
107,2023-05-24 10:30:00,10.3,10.31,10.31,10.29,0.1,0.01,3435,3538201.0,0.19,0.01
108,2023-05-24 10:35:00,10.31,10.34,10.37,10.31,0.29,0.03,10704,11063946.0,0.58,0.03
109,2023-05-24 10:40:00,10.34,10.33,10.35,10.33,-0.1,-0.01,3166,3273266.0,0.19,0.01
110,2023-05-24 10:45:00,10.33,10.32,10.34,10.32,-0.1,-0.01,2082,2150274.0,0.19,0.01
111,2023-05-24 10:50:00,10.33,10.32,10.34,10.28,0.0,0.0,11217,11551065.0,0.58,0.03
112,2023-05-24 10:55:00,10.32,10.34,10.34,10.25,0.19,0.02,12726,13084879.0,0.87,0.03
113,2023-05-24 11:00:00,10.34,10.35,10.36,10.34,0.1,0.01,5145,5323201.0,0.19,0.01
114,2023-05-24 11:05:00,10.35,10.35,10.36,10.34,0.0,0.0,2837,2936504.0,0.19,0.01
115,2023-05-24 11:10:00,10.34,10.37,10.37,10.34,0.19,0.02,4089,4237044.0,0.29,0.01
116,2023-05-24 11:15:00,10.36,10.37,10.37,10.36,0.0,0.0,2818,2921657.0,0.1,0.01
117,2023-05-24 11:20:00,10.36,10.34,10.37,10.34,-0.29,-0.03,2329,2412031.0,0.29,0.01
118,2023-05-24 11:25:00,10.34,10.35,10.35,10.34,0.1,0.01,954,987020.0,0.1,0.0
119,2023-05-24 11:30:00,10.34,10.34,10.35,10.32,-0.1,-0.01,2191,2265294.0,0.29,0.01
120,2023-05-24 13:05:00,10.35,10.37,10.38,10.35,0.29,0.03,5250,5440156.0,0.29,0.01
121,2023-05-24 13:10:00,10.37,10.37,10.38,10.36,0.0,0.0,3542,3674799.0,0.19,0.01
122,2023-05-24 13:15:00,10.37,10.4,10.4,10.36,0.29,0.03,4485,4656233.0,0.39,0.01
123,2023-05-24 13:20:00,10.4,10.37,10.4,10.37,-0.29,-0.03,3304,3431397.0,0.29,0.01
124,2023-05-24 13:25:00,10.37,10.37,10.38,10.36,0.0,0.0,2330,2416146.0,0.19,0.01
125,2023-05-24 13:30:00,10.37,10.37,10.38,10.36,0.0,0.0,2550,2644905.0,0.19,0.01
126,2023-05-24 13:35:00,10.37,10.36,10.37,10.36,-0.1,-0.01,954,988650.0,0.1,0.0
127,2023-05-24 13:40:00,10.36,10.35,10.37,10.35,-0.1,-0.01,1400,1450267.0,0.19,0.0
128,2023-05-24 13:45:00,10.36,10.36,10.36,10.33,0.1,0.01,2800,2896546.0,0.29,0.01
129,2023-05-24 13:50:00,10.36,10.35,10.36,10.33,-0.1,-0.01,1140,1179625.0,0.29,0.0
130,2023-05-24 13:55:00,10.35,10.34,10.35,10.33,-0.1,-0.01,1621,1676088.0,0.19,0.0
131,2023-05-24 14:00:00,10.34,10.34,10.35,10.34,0.0,0.0,461,476765.0,0.1,0.0
132,2023-05-24 14:05:00,10.34,10.33,10.35,10.31,-0.1,-0.01,9558,9866701.0,0.39,0.02
133,2023-05-24 14:10:00,10.33,10.35,10.35,10.32,0.19,0.02,3107,3211713.0,0.29,0.01
134,2023-05-24 14:15:00,10.34,10.34,10.34,10.33,-0.1,-0.01,1992,2059507.0,0.1,0.0
135,2023-05-24 14:20:00,10.34,10.35,10.35,10.33,0.1,0.01,2728,2821747.0,0.19,0.01
136,2023-05-24 14:25:00,10.35,10.34,10.35,10.33,-0.1,-0.01,3082,3187818.0,0.19,0.01
137,2023-05-24 14:30:00,10.33,10.34,10.35,10.33,0.0,0.0,2567,2655444.0,0.19,0.01
138,2023-05-24 14:35:00,10.34,10.34,10.35,10.32,0.0,0.0,5012,5179472.0,0.29,0.01
139,2023-05-24 14:40:00,10.33,10.32,10.34,10.32,-0.19,-0.02,3754,3877968.0,0.19,0.01
140,2023-05-24 14:45:00,10.32,10.32,10.33,10.31,0.0,0.0,6171,6368265.0,0.19,0.02
141,2023-05-24 14:50:00,10.32,10.3,10.32,10.3,-0.19,-0.02,6022,6210470.0,0.19,0.01
142,2023-05-24 14:55:00,10.31,10.3,10.31,10.3,0.0,0.0,5124,5279406.0,0.1,0.01
143,2023-05-24 15:00:00,10.31,10.3,10.31,10.3,0.0,0.0,5591,5759945.0,0.1,0.01
144,2023-05-25 09:35:00,10.28,10.3,10.31,10.25,0.0,0.0,6227,6398554.0,0.58,0.02
145,2023-05-25 09:40:00,10.3,10.26,10.3,10.25,-0.39,-0.04,7427,7623458.0,0.49,0.02
146,2023-05-25 09:45:00,10.26,10.25,10.27,10.24,-0.1,-0.01,5712,5856707.0,0.29,0.01
147,2023-05-25 09:50:00,10.23,10.27,10.27,10.23,0.2,0.02,5524,5661245.0,0.39,0.01
148,2023-05-25 09:55:00,10.27,10.25,10.28,10.24,-0.19,-0.02,5368,5504636.0,0.39,0.01
149,2023-05-25 10:00:00,10.24,10.22,10.25,10.22,-0.29,-0.03,10267,10508565.0,0.29,0.03
150,2023-05-25 10:05:00,10.23,10.24,10.24,10.2,0.2,0.02,12899,13172943.0,0.39,0.03
151,2023-05-25 10:10:00,10.24,10.22,10.24,10.22,-0.2,-0.02,2708,2769368.0,0.2,0.01
152,2023-05-25 10:15:00,10.22,10.23,10.24,10.22,0.1,0.01,1196,1223352.0,0.2,0.0
153,2023-05-25 10:20:00,10.23,10.22,10.24,10.22,-0.1,-0.01,2369,2423389.0,0.2,0.01
154,2023-05-25 10:25:00,10.23,10.22,10.23,10.21,0.0,0.0,3569,3647174.0,0.2,0.01
155,2023-05-25 10:30:00,10.22,10.24,10.24,10.21,0.2,0.02,3709,3790506.0,0.29,0.01
156,2023-05-25 10:35:00,10.24,10.22,10.24,10.22,-0.2,-0.02,2271,2322217.0,0.2,0.01
157,2023-05-25 10:40:00,10.22,10.2,10.23,10.19,-0.2,-0.02,11522,11758560.0,0.39,0.03
158,2023-05-25 10:45:00,10.19,10.2,10.21,10.18,0.0,0.0,7797,7945581.0,0.29,0.02
159,2023-05-25 10:50:00,10.19,10.2,10.2,10.19,0.0,0.0,4893,4986410.0,0.1,0.01
160,2023-05-25 10:55:00,10.2,10.17,10.2,10.17,-0.29,-0.03,7640,7777708.0,0.29,0.02
161,2023-05-25 11:00:00,10.17,10.17,10.18,10.16,0.0,0.0,4727,4809169.0,0.2,0.01
162,2023-05-25 11:05:00,10.18,10.18,10.18,10.17,0.1,0.01,3371,3429208.0,0.1,0.01
163,2023-05-25 11:10:00,10.18,10.18,10.18,10.17,0.0,0.0,2388,2430633.0,0.1,0.01
164,2023-05-25 11:15:00,10.18,10.22,10.22,10.17,0.39,0.04,3484,3551626.0,0.49,0.01
165,2023-05-25 11:20:00,10.21,10.18,10.21,10.17,-0.39,-0.04,2448,2494297.0,0.39,0.01
166,2023-05-25 11:25:00,10.18,10.18,10.2,10.17,0.0,0.0,2286,2327378.0,0.29,0.01
167,2023-05-25 11:30:00,10.18,10.18,10.2,10.17,0.0,0.0,1868,1901367.0,0.29,0.0
168,2023-05-25 13:05:00,10.19,10.17,10.19,10.17,-0.1,-0.01,4215,4287923.0,0.2,0.01
169,2023-05-25 13:10:00,10.18,10.2,10.2,10.17,0.29,0.03,1877,1912470.0,0.29,0.0
170,2023-05-25 13:15:00,10.2,10.18,10.2,10.17,-0.2,-0.02,4302,4380167.0,0.29,0.01
171,2023-05-25 13:20:00,10.18,10.17,10.19,10.17,-0.1,-0.01,2143,2180634.0,0.2,0.01
172,2023-05-25 13:25:00,10.18,10.17,10.19,10.17,0.0,0.0,2312,2352292.0,0.2,0.01
173,2023-05-25 13:30:00,10.18,10.17,10.18,10.16,0.0,0.0,1182,1202358.0,0.2,0.0
174,2023-05-25 13:35:00,10.18,10.17,10.18,10.17,0.0,0.0,1760,1791034.0,0.1,0.0
175,2023-05-25 13:40:00,10.18,10.17,10.18,10.16,0.0,0.0,4921,5003467.0,0.2,0.01
176,2023-05-25 13:45:00,10.17,10.17,10.18,10.16,0.0,0.0,1875,1906335.0,0.2,0.0
177,2023-05-25 13:50:00,10.17,10.16,10.17,10.16,-0.1,-0.01,3667,3726243.0,0.1,0.01
178,2023-05-25 13:55:00,10.16,10.13,10.16,10.12,-0.3,-0.03,12575,12758220.0,0.39,0.03
179,2023-05-25 14:00:00,10.13,10.11,10.13,10.11,-0.2,-0.02,13931,14092713.0,0.2,0.03
180,2023-05-25 14:05:00,10.11,10.09,10.12,10.08,-0.2,-0.02,16068,16224020.0,0.4,0.04
181,2023-05-25 14:10:00,10.09,10.09,10.1,10.08,0.0,0.0,7230,7294258.0,0.2,0.02
182,2023-05-25 14:15:00,10.09,10.06,10.09,10.06,-0.3,-0.03,22896,23063369.0,0.3,0.06
183,2023-05-25 14:20:00,10.05,10.09,10.1,10.05,0.3,0.03,15952,16067428.0,0.5,0.04
184,2023-05-25 14:25:00,10.1,10.1,10.1,10.08,0.1,0.01,5147,5193586.0,0.2,0.01
185,2023-05-25 14:30:00,10.09,10.09,10.1,10.09,-0.1,-0.01,4994,5040178.0,0.1,0.01
186,2023-05-25 14:35:00,10.1,10.09,10.1,10.09,0.0,0.0,3388,3420262.0,0.1,0.01
187,2023-05-25 14:40:00,10.1,10.14,10.15,10.09,0.5,0.05,4756,4812481.0,0.59,0.01
188,2023-05-25 14:45:00,10.15,10.15,10.15,10.13,0.1,0.01,4781,4847490.0,0.2,0.01
189,2023-05-25 14:50:00,10.15,10.17,10.17,10.14,0.2,0.02,5109,5188365.0,0.3,0.01
190,2023-05-25 14:55:00,10.18,10.2,10.2,10.17,0.29,0.03,9348,9524822.0,0.29,0.02
191,2023-05-25 15:00:00,10.19,10.19,10.21,10.19,-0.1,-0.01,5098,5198023.0,0.2,0.01
192,2023-05-26 09:35:00,10.16,10.09,10.16,10.05,-0.98,-0.1,17303,17468635.0,1.08,0.04
193,2023-05-26 09:40:00,10.09,10.08,10.1,10.08,-0.1,-0.01,5429,5475428.0,0.2,0.01
194,2023-05-26 09:45:00,10.07,10.07,10.08,10.06,-0.1,-0.01,7311,7362958.0,0.2,0.02
195,2023-05-26 09:50:00,10.07,10.02,10.07,10.01,-0.5,-0.05,19819,19879712.0,0.6,0.05
196,2023-05-26 09:55:00,10.02,9.98,10.02,9.95,-0.4,-0.04,37788,37734367.0,0.7,0.09
197,2023-05-26 10:00:00,9.98,9.99,9.99,9.98,0.1,0.01,9864,9851777.0,0.1,0.02
198,2023-05-26 10:05:00,9.99,9.97,9.99,9.97,-0.2,-0.02,11622,11597763.0,0.2,0.03
199,2023-05-26 10:10:00,9.98,9.99,9.99,9.97,0.2,0.02,8048,8030914.0,0.2,0.02
200,2023-05-26 10:15:00,9.99,9.98,9.99,9.97,-0.1,-0.01,10346,10322858.0,0.2,0.03
201,2023-05-26 10:20:00,9.97,9.96,9.97,9.95,-0.2,-0.02,21564,21470144.0,0.2,0.05
202,2023-05-26 10:25:00,9.95,9.96,9.97,9.95,0.0,0.0,11995,11946524.0,0.2,0.03
203,2023-05-26 10:30:00,9.96,9.95,9.96,9.95,-0.1,-0.01,7696,7661892.0,0.1,0.02
204,2023-05-26 10:35:00,9.96,9.95,9.96,9.95,0.0,0.0,7172,7139738.0,0.1,0.02
205,2023-05-26 10:40:00,9.95,9.95,9.96,9.95,0.0,0.0,8335,8295093.0,0.1,0.02
206,2023-05-26 10:45:00,9.95,9.93,9.95,9.92,-0.2,-0.02,12447,12363554.0,0.3,0.03
207,2023-05-26 10:50:00,9.92,9.92,9.93,9.92,-0.1,-0.01,5046,5007906.0,0.1,0.01
208,2023-05-26 10:55:00,9.92,9.93,9.93,9.92,0.1,0.01,9003,8938154.0,0.1,0.02
209,2023-05-26 11:00:00,9.92,9.93,9.94,9.92,0.0,0.0,4801,4767786.0,0.2,0.01
210,2023-05-26 11:05:00,9.93,9.94,9.94,9.93,0.1,0.01,3068,3047784.0,0.1,0.01
211,2023-05-26 11:10:00,9.93,9.94,9.94,9.93,0.0,0.0,3541,3516678.0,0.1,0.01
212,2023-05-26 11:15:00,9.93,9.93,9.94,9.93,-0.1,-0.01,4338,4309653.0,0.1,0.01
213,2023-05-26 11:20:00,9.93,9.95,9.95,9.93,0.2,0.02,3061,3041556.0,0.2,0.01
214,2023-05-26 11:25:00,9.95,9.96,9.96,9.94,0.1,0.01,3209,3191714.0,0.2,0.01
215,2023-05-26 11:30:00,9.96,9.99,9.99,9.95,0.3,0.03,3313,3303187.0,0.4,0.01
216,2023-05-26 13:05:00,9.99,10.02,10.03,9.99,0.3,0.03,4237,4241866.0,0.4,0.01
217,2023-05-26 13:10:00,10.03,10.02,10.03,10.01,0.0,0.0,4119,4127756.0,0.2,0.01
218,2023-05-26 13:15:00,10.03,10.02,10.03,10.01,0.0,0.0,3478,3484827.0,0.2,0.01
219,2023-05-26 13:20:00,10.02,10.03,10.03,10.01,0.1,0.01,2708,2714548.0,0.2,0.01
220,2023-05-26 13:25:00,10.03,10.04,10.05,10.02,0.1,0.01,3476,3486555.0,0.3,0.01
221,2023-05-26 13:30:00,10.04,10.07,10.07,10.04,0.3,0.03,4626,4654415.0,0.3,0.01
222,2023-05-26 13:35:00,10.07,10.07,10.07,10.04,0.0,0.0,4423,4448231.0,0.3,0.01
223,2023-05-26 13:40:00,10.07,10.07,10.08,10.06,0.0,0.0,4706,4737514.0,0.2,0.01
224,2023-05-26 13:45:00,10.07,10.07,10.08,10.06,0.0,0.0,3297,3321407.0,0.2,0.01
225,2023-05-26 13:50:00,10.06,10.08,10.08,10.06,0.1,0.01,2989,3011066.0,0.2,0.01
226,2023-05-26 13:55:00,10.08,10.07,10.08,10.07,-0.1,-0.01,3175,3198342.0,0.1,0.01
227,2023-05-26 14:00:00,10.07,10.05,10.08,10.04,-0.2,-0.02,4682,4710251.0,0.4,0.01
228,2023-05-26 14:05:00,10.05,10.06,10.06,10.04,0.1,0.01,1688,1697747.0,0.2,0.0
229,2023-05-26 14:10:00,10.06,10.09,10.1,10.05,0.3,0.03,5635,5677667.0,0.5,0.01
230,2023-05-26 14:15:00,10.09,10.08,10.12,10.06,-0.1,-0.01,6864,6927864.0,0.59,0.02
231,2023-05-26 14:20:00,10.08,10.09,10.09,10.07,0.1,0.01,3134,3160011.0,0.2,0.01
232,2023-05-26 14:25:00,10.08,10.08,10.09,10.08,-0.1,-0.01,3122,3148185.0,0.1,0.01
233,2023-05-26 14:30:00,10.08,10.08,10.09,10.07,0.0,0.0,2589,2610567.0,0.2,0.01
234,2023-05-26 14:35:00,10.09,10.11,10.11,10.09,0.3,0.03,4466,4509434.0,0.2,0.01
235,2023-05-26 14:40:00,10.11,10.12,10.13,10.1,0.1,0.01,5995,6066774.0,0.3,0.01
236,2023-05-26 14:45:00,10.12,10.12,10.14,10.12,0.0,0.0,5023,5086686.0,0.2,0.01
237,2023-05-26 14:50:00,10.13,10.1,10.13,10.1,-0.2,-0.02,4431,4481721.0,0.3,0.01
238,2023-05-26 14:55:00,10.1,10.09,10.11,10.08,-0.1,-0.01,5692,5743679.0,0.3,0.01
239,2023-05-26 15:00:00,10.09,10.09,10.09,10.08,0.0,0.0,3802,3835278.0,0.1,0.01
240,2023-05-29 09:35:00,10.08,10.11,10.18,10.05,0.2,0.02,15377,15506207.0,1.29,0.04
241,2023-05-29 09:40:00,10.12,10.12,10.14,10.11,0.1,0.01,6654,6737560.0,0.3,0.02
242,2023-05-29 09:45:00,10.12,10.03,10.12,10.02,-0.89,-0.09,12495,12574752.0,0.99,0.03
243,2023-05-29 09:50:00,10.03,10.01,10.06,10.0,-0.2,-0.02,11781,11807390.0,0.6,0.03
244,2023-05-29 09:55:00,10.0,10.02,10.02,9.98,0.1,0.01,9069,9070712.0,0.4,0.02
245,2023-05-29 10:00:00,10.02,10.03,10.03,10.0,0.1,0.01,4983,4988852.0,0.3,0.01
246,2023-05-29 10:05:00,10.03,10.01,10.03,10.0,-0.2,-0.02,6508,6512544.0,0.3,0.02
247,2023-05-29 10:10:00,10.02,10.02,10.04,10.02,0.1,0.01,3435,3444532.0,0.2,0.01
248,2023-05-29 10:15:00,10.03,10.02,10.03,10.01,0.0,0.0,2480,2483868.0,0.2,0.01
249,2023-05-29 10:20:00,10.01,10.01,10.01,10.0,-0.1,-0.01,3989,3992131.0,0.1,0.01
250,2023-05-29 10:25:00,10.01,9.99,10.01,9.99,-0.2,-0.02,5478,5478257.0,0.2,0.01
251,2023-05-29 10:30:00,9.99,9.99,10.0,9.99,0.0,0.0,3867,3863448.0,0.1,0.01
252,2023-05-29 10:35:00,9.99,9.98,10.0,9.98,-0.1,-0.01,9037,9024501.0,0.2,0.02
253,2023-05-29 10:40:00,9.98,9.99,10.0,9.98,0.1,0.01,4447,4443455.0,0.2,0.01
254,2023-05-29 10:45:00,9.99,10.0,10.0,9.98,0.1,0.01,2883,2880843.0,0.2,0.01
255,2023-05-29 10:50:00,10.0,10.02,10.02,9.99,0.2,0.02,3102,3104442.0,0.3,0.01
256,2023-05-29 10:55:00,10.01,10.01,10.02,10.0,-0.1,-0.01,2749,2750277.0,0.2,0.01
257,2023-05-29 11:00:00,10.01,10.01,10.01,9.99,0.0,0.0,5977,5974745.0,0.2,0.01
258,2023-05-29 11:05:00,10.0,10.0,10.01,9.99,-0.1,-0.01,2600,2600119.0,0.2,0.01
259,2023-05-29 11:10:00,10.0,9.99,10.0,9.99,-0.1,-0.01,2405,2404319.0,0.1,0.01
260,2023-05-29 11:15:00,10.0,10.0,10.01,9.99,0.1,0.01,5282,5279826.0,0.2,0.01
261,2023-05-29 11:20:00,10.0,10.0,10.02,9.99,0.0,0.0,2745,2745821.0,0.3,0.01
262,2023-05-29 11:25:00,9.99,9.99,10.0,9.98,-0.1,-0.01,6101,6092678.0,0.2,0.01
263,2023-05-29 11:30:00,9.98,9.98,9.99,9.97,-0.1,-0.01,5692,5680049.0,0.2,0.01
264,2023-05-29 13:05:00,9.99,9.97,10.0,9.97,-0.1,-0.01,8192,8173599.0,0.3,0.02
265,2023-05-29 13:10:00,9.97,10.02,10.02,9.97,0.5,0.05,2767,2765684.0,0.5,0.01
266,2023-05-29 13:15:00,10.02,10.07,10.07,10.02,0.5,0.05,5467,5494851.0,0.5,0.01
267,2023-05-29 13:20:00,10.07,10.06,10.09,10.06,-0.1,-0.01,5343,5383750.0,0.3,0.01
268,2023-05-29 13:25:00,10.06,10.04,10.06,10.04,-0.2,-0.02,1313,1319741.0,0.2,0.0
269,2023-05-29 13:30:00,10.04,10.05,10.06,10.03,0.1,0.01,1951,1959595.0,0.3,0.0
270,2023-05-29 13:35:00,10.04,10.04,10.05,10.04,-0.1,-0.01,1467,1473689.0,0.1,0.0
271,2023-05-29 13:40:00,10.03,10.03,10.04,10.02,-0.1,-0.01,1492,1496513.0,0.2,0.0
272,2023-05-29 13:45:00,10.03,10.04,10.04,10.02,0.1,0.01,786,788354.0,0.2,0.0
273,2023-05-29 13:50:00,10.03,10.04,10.05,10.03,0.0,0.0,1428,1433675.0,0.2,0.0
274,2023-05-29 13:55:00,10.03,10.01,10.04,10.01,-0.3,-0.03,4955,4965012.0,0.3,0.01
275,2023-05-29 14:00:00,10.01,10.0,10.03,10.0,-0.1,-0.01,3108,3110086.0,0.3,0.01
276,2023-05-29 14:05:00,10.0,10.03,10.04,10.0,0.3,0.03,1305,1307909.0,0.4,0.0
277,2023-05-29 14:10:00,10.03,10.03,10.03,10.02,0.0,0.0,800,802199.0,0.1,0.0
278,2023-05-29 14:15:00,10.02,10.03,10.03,10.02,0.0,0.0,1037,1039758.0,0.1,0.0
279,2023-05-29 14:20:00,10.02,10.04,10.04,10.02,0.1,0.01,1550,1554766.0,0.2,0.0
280,2023-05-29 14:25:00,10.03,10.04,10.04,10.02,0.0,0.0,3421,3431283.0,0.2,0.01
281,2023-05-29 14:30:00,10.03,10.04,10.04,10.03,0.0,0.0,2056,2063775.0,0.1,0.01
282,2023-05-29 14:35:00,10.03,10.04,10.04,10.03,0.0,0.0,2618,2628018.0,0.1,0.01
283,2023-05-29 14:40:00,10.03,10.04,10.05,10.03,0.0,0.0,5116,5136848.0,0.2,0.01
284,2023-05-29 14:45:00,10.04,10.04,10.05,10.03,0.0,0.0,3929,3945930.0,0.2,0.01
285,2023-05-29 14:50:00,10.03,10.05,10.05,10.03,0.1,0.01,3981,3997669.0,0.2,0.01
286,2023-05-29 14:55:00,10.03,10.03,10.05,10.03,-0.2,-0.02,3621,3634830.0,0.2,0.01
287,2023-05-29 15:00:00,10.03,10.03,10.04,10.03,0.0,0.0,4604,4618695.0,0.1,0.01
288,2023-05-30 09:35:00,10.02,10.01,10.02,9.97,-0.2,-0.02,7580,7570106.0,0.5,0.02
289,2023-05-30 09:40:00,10.01,10.02,10.03,10.0,0.1,0.01,4265,4270412.0,0.3,0.01
290,2023-05-30 09:45:00,10.02,10.01,10.03,10.01,-0.1,-0.01,3233,3238973.0,0.2,0.01
291,2023-05-30 09:50:00,10.02,10.04,10.05,10.01,0.3,0.03,8602,8626654.0,0.4,0.02
292,2023-05-30 09:55:00,10.04,10.05,10.08,10.03,0.1,0.01,13408,13482301.0,0.5,0.03
293,2023-05-30 10:00:00,10.05,10.04,10.06,10.03,-0.1,-0.01,5269,5289615.0,0.3,0.01
294,2023-05-30 10:05:00,10.04,10.01,10.04,10.01,-0.3,-0.03,7138,7151895.0,0.3,0.02
295,2023-05-30 10:10:00,10.02,10.0,10.02,9.99,-0.1,-0.01,7203,7204720.0,0.3,0.02
296,2023-05-30 10:15:00,9.99,10.01,10.01,9.99,0.1,0.01,3657,3655989.0,0.2,0.01
297,2023-05-30 10:20:00,10.01,9.98,10.01,9.98,-0.3,-0.03,5420,5415127.0,0.3,0.01
298,2023-05-30 10:25:00,9.99,9.98,9.99,9.97,0.0,0.0,8224,8207246.0,0.2,0.02
299,2023-05-30 10:30:00,9.98,9.98,9.99,9.97,0.0,0.0,3535,3526546.0,0.2,0.01
300,2023-05-30 10:35:00,9.98,9.98,9.99,9.97,0.0,0.0,4766,4754637.0,0.2,0.01
301,2023-05-30 10:40:00,9.98,9.98,9.98,9.97,0.0,0.0,3690,3679426.0,0.1,0.01
302,2023-05-30 10:45:00,9.97,10.0,10.0,9.97,0.2,0.02,1760,1756687.0,0.3,0.0
303,2023-05-30 10:50:00,9.99,9.99,10.0,9.98,-0.1,-0.01,1472,1470182.0,0.2,0.0
304,2023-05-30 10:55:00,9.99,10.0,10.0,9.98,0.1,0.01,1240,1238981.0,0.2,0.0
305,2023-05-30 11:00:00,10.0,10.0,10.0,9.99,0.0,0.0,1678,1677339.0,0.1,0.0
306,2023-05-30 11:05:00,9.99,9.99,10.0,9.98,-0.1,-0.01,1174,1172692.0,0.2,0.0
307,2023-05-30 11:10:00,9.98,9.98,9.99,9.97,-0.1,-0.01,4209,4199769.0,0.2,0.01
308,2023-05-30 11:15:00,9.98,9.96,9.99,9.95,-0.2,-0.02,7170,7144488.0,0.4,0.02
309,2023-05-30 11:20:00,9.97,9.97,9.97,9.96,0.1,0.01,1327,1321921.0,0.1,0.0
310,2023-05-30 11:25:00,9.97,9.97,9.97,9.96,0.0,0.0,1133,1129077.0,0.1,0.0
311,2023-05-30 11:30:00,9.97,9.97,9.97,9.96,0.0,0.0,1653,1646951.0,0.1,0.0
312,2023-05-30 13:05:00,9.97,9.96,9.97,9.95,-0.1,-0.01,2087,2078727.0,0.2,0.01
313,2023-05-30 13:10:00,9.96,9.97,9.97,9.95,0.1,0.01,7378,7345672.0,0.2,0.02
314,2023-05-30 13:15:00,9.97,9.96,9.97,9.95,-0.1,-0.01,1524,1517763.0,0.2,0.0
315,2023-05-30 13:20:00,9.95,9.94,9.96,9.94,-0.2,-0.02,4538,4514611.0,0.2,0.01
316,2023-05-30 13:25:00,9.94,9.93,9.95,9.92,-0.1,-0.01,6179,6138380.0,0.3,0.02
317,2023-05-30 13:30:00,9.92,9.92,9.93,9.92,-0.1,-0.01,5404,5362460.0,0.1,0.01
318,2023-05-30 13:35:00,9.92,9.92,9.93,9.91,0.0,0.0,9217,9139613.0,0.2,0.02
319,2023-05-30 13:40:00,9.92,9.93,9.93,9.9,0.1,0.01,10381,10291674.0,0.3,0.03
320,2023-05-30 13:45:00,9.93,9.93,9.93,9.92,0.0,0.0,2193,2176234.0,0.1,0.01
321,2023-05-30 13:50:00,9.93,9.94,9.95,9.92,0.1,0.01,2733,2714743.0,0.3,0.01
322,2023-05-30 13:55:00,9.94,9.93,9.95,9.92,-0.1,-0.01,2878,2859386.0,0.3,0.01
323,2023-05-30 14:00:00,9.93,9.94,9.94,9.93,0.1,0.01,1374,1364572.0,0.1,0.0
324,2023-05-30 14:05:00,9.94,9.93,9.94,9.92,-0.1,-0.01,6390,6343093.0,0.2,0.02
325,2023-05-30 14:10:00,9.93,9.94,9.95,9.92,0.1,0.01,4425,4395116.0,0.3,0.01
326,2023-05-30 14:15:00,9.94,9.95,9.95,9.93,0.1,0.01,1976,1964099.0,0.2,0.0
327,2023-05-30 14:20:00,9.95,9.96,9.96,9.94,0.1,0.01,1917,1907479.0,0.2,0.0
328,2023-05-30 14:25:00,9.96,9.97,9.97,9.95,0.1,0.01,5836,5812797.0,0.2,0.01
329,2023-05-30 14:30:00,9.96,9.99,9.99,9.96,0.2,0.02,3319,3311204.0,0.3,0.01
330,2023-05-30 14:35:00,9.98,9.98,9.99,9.97,-0.1,-0.01,2621,2614729.0,0.2,0.01
331,2023-05-30 14:40:00,9.98,9.97,9.99,9.97,-0.1,-0.01,4845,4836717.0,0.2,0.01
332,2023-05-30 14:45:00,9.97,9.98,9.99,9.97,0.1,0.01,2224,2219802.0,0.2,0.01
333,2023-05-30 14:50:00,9.98,10.0,10.0,9.97,0.2,0.02,5562,5555379.0,0.3,0.01
334,2023-05-30 14:55:00,10.0,9.99,10.0,9.98,-0.1,-0.01,6826,6823429.0,0.2,0.02
335,2023-05-30 15:00:00,9.99,9.99,10.0,9.98,0.0,0.0,6046,6034479.0,0.2,0.01
336,2023-05-31 09:35:00,9.93,9.7,9.94,9.69,-2.9,-0.29,55656,54444520.0,2.5,0.14
337,2023-05-31 09:40:00,9.7,9.69,9.77,9.66,-0.1,-0.01,35586,34550810.0,1.13,0.09
338,2023-05-31 09:45:00,9.69,9.7,9.72,9.69,0.1,0.01,13322,12926735.0,0.31,0.03
339,2023-05-31 09:50:00,9.71,9.68,9.71,9.68,-0.21,-0.02,13055,12661686.0,0.31,0.03
340,2023-05-31 09:55:00,9.69,9.73,9.74,9.68,0.52,0.05,13150,12752315.0,0.62,0.03
341,2023-05-31 10:00:00,9.72,9.71,9.74,9.7,-0.21,-0.02,9218,8955659.0,0.41,0.02
342,2023-05-31 10:05:00,9.7,9.68,9.71,9.68,-0.31,-0.03,14580,14122952.0,0.31,0.04
343,2023-05-31 10:10:00,9.68,9.67,9.7,9.67,-0.1,-0.01,14811,14333788.0,0.31,0.04
344,2023-05-31 10:15:00,9.68,9.68,9.69,9.67,0.1,0.01,8004,7749615.0,0.21,0.02
345,2023-05-31 10:20:00,9.68,9.69,9.69,9.67,0.1,0.01,8188,7926377.0,0.21,0.02
346,2023-05-31 10:25:00,9.69,9.68,9.69,9.68,-0.1,-0.01,4667,4519209.0,0.1,0.01
347,2023-05-31 10:30:00,9.68,9.68,9.69,9.68,0.0,0.0,3112,3014464.0,0.1,0.01
348,2023-05-31 10:35:00,9.69,9.7,9.7,9.68,0.21,0.02,4781,4634977.0,0.21,0.01
349,2023-05-31 10:40:00,9.7,9.75,9.75,9.69,0.52,0.05,5554,5402333.0,0.62,0.01
350,2023-05-31 10:45:00,9.75,9.74,9.76,9.73,-0.1,-0.01,2476,2413051.0,0.31,0.01
351,2023-05-31 10:50:00,9.74,9.73,9.75,9.73,-0.1,-0.01,2323,2261718.0,0.21,0.01
352,2023-05-31 10:55:00,9.73,9.76,9.77,9.73,0.31,0.03,4038,3936977.0,0.41,0.01
353,2023-05-31 11:00:00,9.77,9.77,9.78,9.76,0.1,0.01,2712,2650451.0,0.2,0.01
354,2023-05-31 11:05:00,9.77,9.77,9.77,9.76,0.0,0.0,1756,1714849.0,0.1,0.0
355,2023-05-31 11:10:00,9.77,9.76,9.77,9.76,-0.1,-0.01,2392,2336026.0,0.1,0.01
356,2023-05-31 11:15:00,9.77,9.78,9.78,9.76,0.2,0.02,2023,1976019.0,0.2,0.0
357,2023-05-31 11:20:00,9.78,9.77,9.79,9.76,-0.1,-0.01,3770,3685928.0,0.31,0.01
358,2023-05-31 11:25:00,9.77,9.77,9.77,9.76,0.0,0.0,2536,2476284.0,0.1,0.01
359,2023-05-31 11:30:00,9.77,9.75,9.77,9.75,-0.2,-0.02,2754,2687290.0,0.2,0.01
360,2023-05-31 13:05:00,9.74,9.7,9.75,9.7,-0.51,-0.05,6703,6515757.0,0.51,0.02
361,2023-05-31 13:10:00,9.71,9.71,9.72,9.7,0.1,0.01,3308,3211201.0,0.21,0.01
362,2023-05-31 13:15:00,9.7,9.69,9.71,9.68,-0.21,-0.02,4312,4179902.0,0.31,0.01
363,2023-05-31 13:20:00,9.68,9.71,9.72,9.68,0.21,0.02,4185,4057439.0,0.41,0.01
364,2023-05-31 13:25:00,9.7,9.71,9.72,9.7,0.0,0.0,1846,1792633.0,0.21,0.0
365,2023-05-31 13:30:00,9.72,9.71,9.73,9.7,0.0,0.0,2719,2639898.0,0.31,0.01
366,2023-05-31 13:35:00,9.7,9.7,9.72,9.7,-0.1,-0.01,3408,3308003.0,0.21,0.01
367,2023-05-31 13:40:00,9.71,9.69,9.71,9.68,-0.1,-0.01,5667,5489687.0,0.31,0.01
368,2023-05-31 13:45:00,9.69,9.67,9.69,9.67,-0.21,-0.02,10316,9983478.0,0.21,0.03
369,2023-05-31 13:50:00,9.68,9.67,9.68,9.66,0.0,0.0,6410,6195362.0,0.21,0.02
370,2023-05-31 13:55:00,9.66,9.7,9.7,9.66,0.31,0.03,5400,5227653.0,0.41,0.01
371,2023-05-31 14:00:00,9.7,9.68,9.7,9.68,-0.21,-0.02,14422,13981771.0,0.21,0.04
372,2023-05-31 14:05:00,9.68,9.66,9.69,9.66,-0.21,-0.02,13006,12573670.0,0.31,0.03
373,2023-05-31 14:10:00,9.66,9.67,9.67,9.66,0.1,0.01,5756,5562261.0,0.1,0.01
374,2023-05-31 14:15:00,9.67,9.67,9.67,9.65,0.0,0.0,9329,9011797.0,0.21,0.02
375,2023-05-31 14:20:00,9.66,9.66,9.67,9.65,-0.1,-0.01,10810,10441745.0,0.21,0.03
376,2023-05-31 14:25:00,9.66,9.66,9.67,9.65,0.0,0.0,5999,5796292.0,0.21,0.01
377,2023-05-31 14:30:00,9.66,9.67,9.67,9.65,0.1,0.01,3822,3693288.0,0.21,0.01
378,2023-05-31 14:35:00,9.66,9.67,9.67,9.66,0.0,0.0,4188,4048177.0,0.1,0.01
379,2023-05-31 14:40:00,9.67,9.67,9.68,9.66,0.0,0.0,6426,6213255.0,0.21,0.02
380,2023-05-31 14:45:00,9.68,9.71,9.72,9.68,0.41,0.04,6142,5958712.0,0.41,0.01
381,2023-05-31 14:50:00,9.71,9.67,9.72,9.66,-0.41,-0.04,11925,11542104.0,0.62,0.03
382,2023-05-31 14:55:00,9.67,9.65,9.67,9.65,-0.21,-0.02,11912,11501407.0,0.21,0.03
383,2023-05-31 15:00:00,9.66,9.85,9.85,9.65,2.07,0.2,48560,47659158.0,2.07,0.12
384,2023-06-01 09:35:00,9.71,9.69,9.74,9.68,-1.62,-0.16,24750,24022239.0,0.61,0.06
385,2023-06-01 09:40:00,9.69,9.59,9.69,9.58,-1.03,-0.1,26438,25465858.0,1.14,0.06
386,2023-06-01 09:45:00,9.59,9.63,9.63,9.54,0.42,0.04,19989,19143194.0,0.94,0.05
387,2023-06-01 09:50:00,9.62,9.64,9.65,9.59,0.1,0.01,15161,14578458.0,0.62,0.04
388,2023-06-01 09:55:00,9.64,9.65,9.68,9.63,0.1,0.01,10526,10159055.0,0.52,0.03
389,2023-06-01 10:00:00,9.65,9.62,9.65,9.62,-0.31,-0.03,10404,10027606.0,0.31,0.03
390,2023-06-01 10:05:00,9.62,9.64,9.64,9.6,0.21,0.02,8374,8055363.0,0.42,0.02
391,2023-06-01 10:10:00,9.64,9.59,9.64,9.59,-0.52,-0.05,12341,11866416.0,0.52,0.03
392,2023-06-01 10:15:00,9.59,9.63,9.63,9.59,0.42,0.04,7517,7215776.0,0.42,0.02
393,2023-06-01 10:20:00,9.63,9.64,9.64,9.62,0.1,0.01,2617,2520225.0,0.21,0.01
394,2023-06-01 10:25:00,9.63,9.64,9.64,9.63,0.0,0.0,3772,3634171.0,0.1,0.01
395,2023-06-01 10:30:00,9.65,9.67,9.68,9.64,0.31,0.03,3479,3360190.0,0.41,0.01
396,2023-06-01 10:35:00,9.67,9.68,9.69,9.66,0.1,0.01,4890,4734244.0,0.31,0.01
397,2023-06-01 10:40:00,9.69,9.72,9.72,9.68,0.41,0.04,6358,6168331.0,0.41,0.02
398,2023-06-01 10:45:00,9.71,9.69,9.72,9.68,-0.31,-0.03,2486,2410690.0,0.41,0.01
399,2023-06-01 10:50:00,9.69,9.71,9.71,9.69,0.21,0.02,2343,2272769.0,0.21,0.01
400,2023-06-01 10:55:00,9.7,9.71,9.71,9.7,0.0,0.0,2310,2241524.0,0.1,0.01
401,2023-06-01 11:00:00,9.71,9.69,9.71,9.68,-0.21,-0.02,2741,2659076.0,0.31,0.01
402,2023-06-01 11:05:00,9.69,9.69,9.7,9.68,0.0,0.0,2364,2290438.0,0.21,0.01
403,2023-06-01 11:10:00,9.69,9.7,9.7,9.69,0.1,0.01,1545,1497935.0,0.1,0.0
404,2023-06-01 11:15:00,9.69,9.72,9.72,9.69,0.21,0.02,3333,3236359.0,0.31,0.01
405,2023-06-01 11:20:00,9.71,9.71,9.72,9.69,-0.1,-0.01,2516,2441385.0,0.31,0.01
406,2023-06-01 11:25:00,9.71,9.7,9.71,9.7,-0.1,-0.01,1599,1552421.0,0.1,0.0
407,2023-06-01 11:30:00,9.7,9.71,9.72,9.7,0.1,0.01,2570,2494852.0,0.21,0.01
408,2023-06-01 13:05:00,9.71,9.76,9.77,9.71,0.51,0.05,9664,9409890.0,0.62,0.02
409,2023-06-01 13:10:00,9.76,9.76,9.78,9.75,0.0,0.0,6019,5880542.0,0.31,0.01
410,2023-06-01 13:15:00,9.75,9.78,9.78,9.75,0.2,0.02,4285,4183898.0,0.31,0.01
411,2023-06-01 13:20:00,9.78,9.78,9.78,9.77,0.0,0.0,3918,3830758.0,0.1,0.01
412,2023-06-01 13:25:00,9.78,9.8,9.8,9.78,0.2,0.02,3986,3903183.0,0.2,0.01
413,2023-06-01 13:30:00,9.79,9.77,9.8,9.76,-0.31,-0.03,4447,4349426.0,0.41,0.01
414,2023-06-01 13:35:00,9.76,9.75,9.77,9.75,-0.2,-0.02,2846,2778038.0,0.2,0.01
415,2023-06-01 13:40:00,9.75,9.74,9.75,9.73,-0.1,-0.01,2327,2266514.0,0.21,0.01
416,2023-06-01 13:45:00,9.75,9.74,9.75,9.74,0.0,0.0,2155,2100489.0,0.1,0.01
417,2023-06-01 13:50:00,9.74,9.76,9.76,9.74,0.21,0.02,2325,2267789.0,0.21,0.01
418,2023-06-01 13:55:00,9.76,9.75,9.76,9.75,-0.1,-0.01,1343,1310658.0,0.1,0.0
419,2023-06-01 14:00:00,9.76,9.76,9.76,9.75,0.1,0.01,1344,1311254.0,0.1,0.0
420,2023-06-01 14:05:00,9.76,9.73,9.76,9.73,-0.31,-0.03,4928,4800949.0,0.31,0.01
421,2023-06-01 14:10:00,9.74,9.74,9.74,9.73,0.1,0.01,1548,1506574.0,0.1,0.0
422,2023-06-01 14:15:00,9.74,9.72,9.74,9.72,-0.21,-0.02,3209,3122124.0,0.21,0.01
423,2023-06-01 14:20:00,9.72,9.71,9.73,9.71,-0.1,-0.01,2247,2182557.0,0.21,0.01
424,2023-06-01 14:25:00,9.7,9.69,9.71,9.68,-0.21,-0.02,5842,5664238.0,0.31,0.01
425,2023-06-01 14:30:00,9.69,9.7,9.71,9.68,0.1,0.01,2774,2689921.0,0.31,0.01
426,2023-06-01 14:35:00,9.7,9.7,9.72,9.7,0.0,0.0,3037,2948068.0,0.21,0.01
427,2023-06-01 14:40:00,9.7,9.71,9.72,9.7,0.1,0.01,3022,2932999.0,0.21,0.01
428,2023-06-01 14:45:00,9.7,9.69,9.71,9.69,-0.21,-0.02,3818,3703617.0,0.21,0.01
429,2023-06-01 14:50:00,9.7,9.7,9.7,9.69,0.1,0.01,4856,4708080.0,0.1,0.01
430,2023-06-01 14:55:00,9.7,9.69,9.7,9.69,-0.1,-0.01,5871,5690465.0,0.1,0.01
431,2023-06-01 15:00:00,9.7,9.69,9.7,9.68,0.0,0.0,7344,7114957.0,0.21,0.02
432,2023-06-02 09:35:00,9.69,9.72,9.73,9.69,0.31,0.03,10227,9931536.0,0.41,0.02
433,2023-06-02 09:40:00,9.72,9.74,9.75,9.72,0.21,0.02,10857,10569532.0,0.31,0.03
434,2023-06-02 09:45:00,9.74,9.73,9.74,9.7,-0.1,-0.01,8364,8126490.0,0.41,0.02
435,2023-06-02 09:50:00,9.73,9.74,9.74,9.71,0.1,0.01,4005,3894164.0,0.31,0.01
436,2023-06-02 09:55:00,9.74,9.75,9.75,9.72,0.1,0.01,5931,5777436.0,0.31,0.01
437,2023-06-02 10:00:00,9.75,9.76,9.77,9.74,0.1,0.01,9834,9594138.0,0.31,0.02
438,2023-06-02 10:05:00,9.76,9.73,9.76,9.72,-0.31,-0.03,6808,6629928.0,0.41,0.02
439,2023-06-02 10:10:00,9.73,9.72,9.74,9.71,-0.1,-0.01,6886,6694658.0,0.31,0.02
440,2023-06-02 10:15:00,9.71,9.71,9.72,9.7,-0.1,-0.01,7398,7179049.0,0.21,0.02
441,2023-06-02 10:20:00,9.71,9.71,9.71,9.7,0.0,0.0,3943,3826229.0,0.1,0.01
442,2023-06-02 10:25:00,9.7,9.71,9.71,9.7,0.0,0.0,8318,8072810.0,0.1,0.02
443,2023-06-02 10:30:00,9.7,9.71,9.71,9.7,0.0,0.0,3318,3220716.0,0.1,0.01
444,2023-06-02 10:35:00,9.71,9.71,9.71,9.7,0.0,0.0,7723,7497927.0,0.1,0.02
445,2023-06-02 10:40:00,9.71,9.71,9.71,9.7,0.0,0.0,3869,3755965.0,0.1,0.01
446,2023-06-02 10:45:00,9.71,9.71,9.71,9.7,0.0,0.0,6017,5838945.0,0.1,0.01
447,2023-06-02 10:50:00,9.7,9.69,9.71,9.69,-0.21,-0.02,5683,5510783.0,0.21,0.01
448,2023-06-02 10:55:00,9.7,9.71,9.71,9.69,0.21,0.02,6798,6595071.0,0.21,0.02
449,2023-06-02 11:00:00,9.71,9.71,9.72,9.7,0.0,0.0,4376,4248419.0,0.21,0.01
450,2023-06-02 11:05:00,9.71,9.73,9.75,9.71,0.21,0.02,5643,5494320.0,0.41,0.01
451,2023-06-02 11:10:00,9.74,9.74,9.74,9.73,0.1,0.01,2054,1999555.0,0.1,0.01
452,2023-06-02 11:15:00,9.74,9.75,9.75,9.73,0.1,0.01,5386,5247251.0,0.21,0.01
453,2023-06-02 11:20:00,9.75,9.75,9.75,9.74,0.0,0.0,3005,2929580.0,0.1,0.01
454,2023-06-02 11:25:00,9.75,9.75,9.75,9.74,0.0,0.0,2881,2808659.0,0.1,0.01
455,2023-06-02 11:30:00,9.75,9.75,9.76,9.74,0.0,0.0,4899,4777959.0,0.21,0.01
456,2023-06-02 13:05:00,9.76,9.76,9.77,9.75,0.1,0.01,9554,9327553.0,0.21,0.02
457,2023-06-02 13:10:00,9.76,9.78,9.79,9.75,0.2,0.02,9335,9124993.0,0.41,0.02
458,2023-06-02 13:15:00,9.78,9.78,9.79,9.77,0.0,0.0,4117,4026738.0,0.2,0.01
459,2023-06-02 13:20:00,9.77,9.77,9.78,9.77,-0.1,-0.01,4774,4665884.0,0.1,0.01
460,2023-06-02 13:25:00,9.76,9.78,9.78,9.76,0.1,0.01,4966,4851106.0,0.2,0.01
461,2023-06-02 13:30:00,9.77,9.75,9.78,9.75,-0.31,-0.03,7544,7361284.0,0.31,0.02
462,2023-06-02 13:35:00,9.75,9.76,9.76,9.74,0.1,0.01,4717,4598619.0,0.21,0.01
463,2023-06-02 13:40:00,9.76,9.75,9.77,9.75,-0.1,-0.01,3186,3107721.0,0.2,0.01
464,2023-06-02 13:45:00,9.76,9.75,9.77,9.75,0.0,0.0,2147,2095304.0,0.21,0.01
465,2023-06-02 13:50:00,9.75,9.77,9.77,9.75,0.21,0.02,2632,2569588.0,0.21,0.01
466,2023-06-02 13:55:00,9.77,9.77,9.78,9.76,0.0,0.0,5297,5173349.0,0.2,0.01
467,2023-06-02 14:00:00,9.77,9.77,9.78,9.76,0.0,0.0,2862,2795535.0,0.2,0.01
468,2023-06-02 14:05:00,9.77,9.76,9.77,9.75,-0.1,-0.01,3514,3430796.0,0.2,0.01
469,2023-06-02 14:10:00,9.75,9.75,9.76,9.75,-0.1,-0.01,4933,4810357.0,0.1,0.01
470,2023-06-02 14:15:00,9.75,9.77,9.78,9.75,0.21,0.02,6672,6518856.0,0.31,0.02
471,2023-06-02 14:20:00,9.78,9.78,9.78,9.77,0.1,0.01,2738,2676729.0,0.1,0.01
472,2023-06-02 14:25:00,9.77,9.78,9.78,9.77,0.0,0.0,4819,4711846.0,0.1,0.01
473,2023-06-02 14:30:00,9.78,9.77,9.79,9.77,-0.1,-0.01,3255,3183460.0,0.2,0.01
474,2023-06-02 14:35:00,9.78,9.79,9.79,9.77,0.2,0.02,4074,3984315.0,0.2,0.01
475,2023-06-02 14:40:00,9.79,9.77,9.79,9.76,-0.2,-0.02,8543,8351897.0,0.31,0.02
476,2023-06-02 14:45:00,9.78,9.77,9.78,9.76,0.0,0.0,7316,7148075.0,0.2,0.02
477,2023-06-02 14:50:00,9.77,9.77,9.77,9.76,0.0,0.0,4325,4223179.0,0.1,0.01
478,2023-06-02 14:55:00,9.77,9.77,9.78,9.77,0.0,0.0,9797,9574317.0,0.1,0.02
479,2023-06-02 15:00:00,9.78,9.76,9.78,9.76,-0.1,-0.01,12391,12102333.0,0.2,0.03
480,2023-06-05 09:35:00,9.8,9.75,9.83,9.75,-0.1,-0.01,16743,16386946.0,0.82,0.04
481,2023-06-05 09:40:00,9.75,9.77,9.79,9.75,0.21,0.02,6956,6796000.0,0.41,0.02
482,2023-06-05 09:45:00,9.77,9.77,9.77,9.75,0.0,0.0,3348,3268412.0,0.2,0.01
483,2023-06-05 09:50:00,9.77,9.78,9.78,9.76,0.1,0.01,6158,6018239.0,0.2,0.02
484,2023-06-05 09:55:00,9.77,9.76,9.78,9.76,-0.2,-0.02,2167,2117144.0,0.2,0.01
485,2023-06-05 10:00:00,9.76,9.77,9.77,9.76,0.1,0.01,2753,2687999.0,0.1,0.01
486,2023-06-05 10:05:00,9.76,9.77,9.77,9.76,0.0,0.0,3793,3703443.0,0.1,0.01
487,2023-06-05 10:10:00,9.77,9.76,9.77,9.76,-0.1,-0.01,4392,4287317.0,0.1,0.01
488,2023-06-05 10:15:00,9.76,9.73,9.76,9.71,-0.31,-0.03,8643,8414901.0,0.51,0.02
489,2023-06-05 10:20:00,9.73,9.74,9.74,9.72,0.1,0.01,2361,2297578.0,0.21,0.01
490,2023-06-05 10:25:00,9.74,9.72,9.74,9.72,-0.21,-0.02,3753,3650485.0,0.21,0.01
491,2023-06-05 10:30:00,9.73,9.73,9.74,9.72,0.1,0.01,1640,1596303.0,0.21,0.0
492,2023-06-05 10:35:00,9.73,9.74,9.75,9.73,0.1,0.01,1101,1071987.0,0.21,0.0
493,2023-06-05 10:40:00,9.74,9.74,9.74,9.73,0.0,0.0,2299,2238410.0,0.1,0.01
494,2023-06-05 10:45:00,9.73,9.75,9.78,9.73,0.1,0.01,8159,7958671.0,0.51,0.02
495,2023-06-05 10:50:00,9.76,9.76,9.76,9.75,0.1,0.01,1555,1516815.0,0.1,0.0
496,2023-06-05 10:55:00,9.76,9.74,9.76,9.74,-0.2,-0.02,1316,1283099.0,0.2,0.0
497,2023-06-05 11:00:00,9.74,9.74,9.75,9.74,0.0,0.0,940,916072.0,0.1,0.0
498,2023-06-05 11:05:00,9.74,9.74,9.75,9.74,0.0,0.0,1052,1025298.0,0.1,0.0
499,2023-06-05 11:10:00,9.74,9.73,9.75,9.73,-0.1,-0.01,3843,3742492.0,0.21,0.01
500,2023-06-05 11:15:00,9.74,9.73,9.74,9.73,0.0,0.0,1500,1459960.0,0.1,0.0
501,2023-06-05 11:20:00,9.73,9.75,9.75,9.73,0.21,0.02,2084,2029661.0,0.21,0.01
502,2023-06-05 11:25:00,9.75,9.75,9.75,9.74,0.0,0.0,1098,1069952.0,0.1,0.0
503,2023-06-05 11:30:00,9.75,9.74,9.75,9.74,-0.1,-0.01,1310,1276390.0,0.1,0.0
504,2023-06-05 13:05:00,9.74,9.74,9.75,9.73,0.0,0.0,1752,1707199.0,0.21,0.0
505,2023-06-05 13:10:00,9.73,9.74,9.75,9.73,0.0,0.0,1454,1416101.0,0.21,0.0
506,2023-06-05 13:15:00,9.74,9.74,9.75,9.73,0.0,0.0,1423,1386219.0,0.21,0.0
507,2023-06-05 13:20:00,9.75,9.75,9.75,9.74,0.1,0.01,615,599435.0,0.1,0.0
508,2023-06-05 13:25:00,9.74,9.75,9.75,9.74,0.0,0.0,800,779749.0,0.1,0.0
509,2023-06-05 13:30:00,9.75,9.74,9.75,9.73,-0.1,-0.01,2821,2747654.0,0.21,0.01
510,2023-06-05 13:35:00,9.74,9.72,9.74,9.72,-0.21,-0.02,7777,7564504.0,0.21,0.02
511,2023-06-05 13:40:00,9.73,9.72,9.73,9.71,0.0,0.0,3913,3802772.0,0.21,0.01
512,2023-06-05 13:45:00,9.73,9.72,9.73,9.72,0.0,0.0,1187,1154680.0,0.1,0.0
513,2023-06-05 13:50:00,9.72,9.72,9.73,9.72,0.0,0.0,857,833433.0,0.1,0.0
514,2023-06-05 13:55:00,9.72,9.73,9.73,9.72,0.1,0.01,1388,1349858.0,0.1,0.0
515,2023-06-05 14:00:00,9.73,9.73,9.74,9.72,0.0,0.0,1302,1267024.0,0.21,0.0
516,2023-06-05 14:05:00,9.73,9.74,9.74,9.73,0.1,0.01,821,799212.0,0.1,0.0
517,2023-06-05 14:10:00,9.74,9.74,9.74,9.73,0.0,0.0,1847,1798178.0,0.1,0.0
518,2023-06-05 14:15:00,9.74,9.73,9.74,9.73,-0.1,-0.01,942,916717.0,0.1,0.0
519,2023-06-05 14:20:00,9.74,9.73,9.74,9.73,0.0,0.0,1291,1256574.0,0.1,0.0
520,2023-06-05 14:25:00,9.73,9.74,9.74,9.73,0.1,0.01,1281,1247026.0,0.1,0.0
521,2023-06-05 14:30:00,9.74,9.75,9.75,9.73,0.1,0.01,3564,3471022.0,0.21,0.01
522,2023-06-05 14:35:00,9.75,9.74,9.75,9.73,-0.1,-0.01,2480,2415720.0,0.21,0.01
523,2023-06-05 14:40:00,9.75,9.75,9.75,9.74,0.1,0.01,2417,2354653.0,0.1,0.01
524,2023-06-05 14:45:00,9.74,9.73,9.75,9.73,-0.21,-0.02,5116,4979431.0,0.21,0.01
525,2023-06-05 14:50:00,9.74,9.73,9.74,9.73,0.0,0.0,4988,4856244.0,0.1,0.01
526,2023-06-05 14:55:00,9.74,9.74,9.74,9.73,0.1,0.01,3245,3159250.0,0.1,0.01
527,2023-06-05 15:00:00,9.74,9.73,9.74,9.73,-0.1,-0.01,5442,5296645.0,0.1,0.01
528,2023-06-06 09:35:00,9.73,9.69,9.74,9.68,-0.41,-0.04,8947,8683811.0,0.62,0.02
529,2023-06-06 09:40:00,9.69,9.66,9.71,9.66,-0.31,-0.03,7986,7734028.0,0.52,0.02
530,2023-06-06 09:45:00,9.66,9.66,9.68,9.64,0.0,0.0,11559,11160738.0,0.41,0.03
531,2023-06-06 09:50:00,9.66,9.66,9.68,9.65,0.0,0.0,9305,8991884.0,0.31,0.02
532,2023-06-06 09:55:00,9.66,9.7,9.7,9.65,0.41,0.04,5809,5617202.0,0.52,0.01
533,2023-06-06 10:00:00,9.7,9.77,9.78,9.69,0.72,0.07,14936,14549208.0,0.93,0.04
534,2023-06-06 10:05:00,9.77,9.75,9.77,9.75,-0.2,-0.02,10020,9782000.0,0.2,0.02
535,2023-06-06 10:10:00,9.75,9.78,9.78,9.75,0.31,0.03,11375,11108060.0,0.31,0.03
536,2023-06-06 10:15:00,9.78,9.83,9.86,9.78,0.51,0.05,31135,30579568.0,0.82,0.08
537,2023-06-06 10:20:00,9.86,9.84,9.86,9.83,0.1,0.01,11437,11266001.0,0.31,0.03
538,2023-06-06 10:25:00,9.84,9.86,9.86,9.83,0.2,0.02,11264,11093746.0,0.3,0.03
539,2023-06-06 10:30:00,9.86,9.84,9.87,9.84,-0.2,-0.02,9456,9315343.0,0.3,0.02
540,2023-06-06 10:35:00,9.84,9.9,9.9,9.84,0.61,0.06,17584,17353503.0,0.61,0.04
541,2023-06-06 10:40:00,9.89,9.86,9.9,9.85,-0.4,-0.04,11402,11264451.0,0.51,0.03
542,2023-06-06 10:45:00,9.86,9.87,9.88,9.86,0.1,0.01,5735,5659544.0,0.2,0.01
543,2023-06-06 10:50:00,9.87,9.87,9.88,9.86,0.0,0.0,3397,3353161.0,0.2,0.01
544,2023-06-06 10:55:00,9.88,9.87,9.88,9.87,0.0,0.0,4936,4875799.0,0.1,0.01
545,2023-06-06 11:00:00,9.88,9.87,9.88,9.87,0.0,0.0,2962,2925655.0,0.1,0.01
546,2023-06-06 11:05:00,9.88,9.84,9.88,9.84,-0.3,-0.03,7182,7083554.0,0.41,0.02
547,2023-06-06 11:10:00,9.84,9.85,9.86,9.84,0.1,0.01,2747,2705267.0,0.2,0.01
548,2023-06-06 11:15:00,9.86,9.87,9.88,9.85,0.2,0.02,4091,4038348.0,0.3,0.01
549,2023-06-06 11:20:00,9.88,9.86,9.88,9.85,-0.1,-0.01,2531,2497181.0,0.3,0.01
550,2023-06-06 11:25:00,9.86,9.85,9.87,9.85,-0.1,-0.01,4395,4334014.0,0.2,0.01
551,2023-06-06 11:30:00,9.85,9.86,9.86,9.84,0.1,0.01,2239,2206246.0,0.2,0.01
552,2023-06-06 13:05:00,9.86,9.91,9.92,9.86,0.51,0.05,18744,18534603.0,0.61,0.05
553,2023-06-06 13:10:00,9.92,9.88,9.92,9.87,-0.3,-0.03,5864,5805290.0,0.5,0.01
554,2023-06-06 13:15:00,9.88,9.87,9.9,9.86,-0.1,-0.01,5352,5288523.0,0.4,0.01
555,2023-06-06 13:20:00,9.87,9.87,9.87,9.85,0.0,0.0,5080,5010284.0,0.2,0.01
556,2023-06-06 13:25:00,9.86,9.85,9.87,9.83,-0.2,-0.02,5465,5378343.0,0.41,0.01
557,2023-06-06 13:30:00,9.85,9.81,9.85,9.8,-0.41,-0.04,7882,7741663.0,0.51,0.02
558,2023-06-06 13:35:00,9.8,9.82,9.82,9.77,0.1,0.01,14413,14101229.0,0.51,0.04
559,2023-06-06 13:40:00,9.82,9.8,9.83,9.79,-0.2,-0.02,5599,5490106.0,0.41,0.01
560,2023-06-06 13:45:00,9.8,9.78,9.81,9.78,-0.2,-0.02,5866,5744715.0,0.31,0.01
561,2023-06-06 13:50:00,9.79,9.81,9.82,9.79,0.31,0.03,3024,2964648.0,0.31,0.01
562,2023-06-06 13:55:00,9.81,9.81,9.82,9.8,0.0,0.0,5236,5137029.0,0.2,0.01
563,2023-06-06 14:00:00,9.82,9.82,9.83,9.81,0.1,0.01,3225,3165491.0,0.2,0.01
564,2023-06-06 14:05:00,9.82,9.8,9.83,9.8,-0.2,-0.02,4192,4114933.0,0.31,0.01
565,2023-06-06 14:10:00,9.8,9.82,9.82,9.8,0.2,0.02,2945,2888835.0,0.2,0.01
566,2023-06-06 14:15:00,9.82,9.82,9.84,9.81,0.0,0.0,3381,3321570.0,0.31,0.01
567,2023-06-06 14:20:00,9.82,9.82,9.83,9.81,0.0,0.0,3170,3113182.0,0.2,0.01
568,2023-06-06 14:25:00,9.82,9.8,9.83,9.8,-0.2,-0.02,6104,5987594.0,0.31,0.01
569,2023-06-06 14:30:00,9.8,9.8,9.8,9.79,0.0,0.0,2683,2627904.0,0.1,0.01
570,2023-06-06 14:35:00,9.8,9.79,9.8,9.78,-0.1,-0.01,6131,6001261.0,0.2,0.01
571,2023-06-06 14:40:00,9.79,9.79,9.81,9.79,0.0,0.0,7617,7461887.0,0.2,0.02
572,2023-06-06 14:45:00,9.79,9.79,9.79,9.77,0.0,0.0,6799,6650809.0,0.2,0.02
573,2023-06-06 14:50:00,9.79,9.79,9.8,9.79,0.0,0.0,6072,5947653.0,0.1,0.01
574,2023-06-06 14:55:00,9.79,9.81,9.81,9.79,0.2,0.02,7504,7354494.0,0.2,0.02
575,2023-06-06 15:00:00,9.8,9.82,9.82,9.8,0.1,0.01,7022,6891806.0,0.2,0.02
576,2023-06-07 09:35:00,9.79,9.72,9.8,9.7,-1.02,-0.1,19595,19073263.0,1.02,0.05
577,2023-06-07 09:40:00,9.72,9.72,9.73,9.68,0.0,0.0,20068,19468464.0,0.51,0.05
578,2023-06-07 09:45:00,9.71,9.72,9.73,9.7,0.0,0.0,9745,9469596.0,0.31,0.02
579,2023-06-07 09:50:00,9.72,9.7,9.72,9.69,-0.21,-0.02,8883,8619249.0,0.31,0.02
580,2023-06-07 09:55:00,9.7,9.72,9.73,9.7,0.21,0.02,3361,3263943.0,0.31,0.01
581,2023-06-07 10:00:00,9.72,9.73,9.75,9.72,0.1,0.01,6350,6177574.0,0.31,0.02
582,2023-06-07 10:05:00,9.73,9.71,9.74,9.71,-0.21,-0.02,4999,4859725.0,0.31,0.01
583,2023-06-07 10:10:00,9.7,9.7,9.71,9.69,-0.1,-0.01,5824,5650011.0,0.21,0.01
584,2023-06-07 10:15:00,9.69,9.68,9.7,9.68,-0.21,-0.02,12064,11687049.0,0.21,0.03
585,2023-06-07 10:20:00,9.69,9.71,9.73,9.68,0.31,0.03,4400,4269502.0,0.52,0.01
586,2023-06-07 10:25:00,9.71,9.75,9.76,9.71,0.41,0.04,4118,4009950.0,0.51,0.01
587,2023-06-07 10:30:00,9.75,9.73,9.76,9.73,-0.21,-0.02,4023,3922257.0,0.31,0.01
588,2023-06-07 10:35:00,9.74,9.74,9.76,9.73,0.1,0.01,3789,3694275.0,0.31,0.01
589,2023-06-07 10:40:00,9.74,9.73,9.76,9.73,-0.1,-0.01,2207,2151197.0,0.31,0.01
590,2023-06-07 10:45:00,9.73,9.75,9.75,9.73,0.21,0.02,889,866042.0,0.21,0.0
591,2023-06-07 10:50:00,9.74,9.74,9.75,9.73,-0.1,-0.01,1882,1833535.0,0.21,0.0
592,2023-06-07 10:55:00,9.74,9.75,9.75,9.72,0.1,0.01,3658,3561390.0,0.31,0.01
593,2023-06-07 11:00:00,9.75,9.75,9.77,9.74,0.0,0.0,2325,2268102.0,0.31,0.01
594,2023-06-07 11:05:00,9.76,9.75,9.76,9.74,0.0,0.0,7186,7006133.0,0.21,0.02
595,2023-06-07 11:10:00,9.74,9.74,9.75,9.73,-0.1,-0.01,828,806813.0,0.21,0.0
596,2023-06-07 11:15:00,9.74,9.74,9.76,9.74,0.0,0.0,861,839327.0,0.21,0.0
597,2023-06-07 11:20:00,9.74,9.75,9.76,9.74,0.1,0.01,1464,1427411.0,0.21,0.0
598,2023-06-07 11:25:00,9.74,9.76,9.77,9.73,0.1,0.01,1707,1663992.0,0.41,0.0
599,2023-06-07 11:30:00,9.75,9.75,9.76,9.74,-0.1,-0.01,710,692110.0,0.2,0.0
600,2023-06-07 13:05:00,9.75,9.73,9.75,9.72,-0.21,-0.02,1326,1291113.0,0.31,0.0
601,2023-06-07 13:10:00,9.73,9.74,9.75,9.73,0.1,0.01,1597,1555500.0,0.21,0.0
602,2023-06-07 13:15:00,9.74,9.79,9.79,9.74,0.51,0.05,4869,4752934.0,0.51,0.01
603,2023-06-07 13:20:00,9.79,9.76,9.79,9.74,-0.31,-0.03,3183,3110838.0,0.51,0.01
604,2023-06-07 13:25:00,9.77,9.77,9.77,9.75,0.1,0.01,1149,1121858.0,0.2,0.0
605,2023-06-07 13:30:00,9.77,9.76,9.77,9.75,-0.1,-0.01,1565,1528006.0,0.2,0.0
606,2023-06-07 13:35:00,9.77,9.77,9.77,9.75,0.1,0.01,1465,1430529.0,0.2,0.0
607,2023-06-07 13:40:00,9.76,9.76,9.77,9.75,-0.1,-0.01,1679,1638252.0,0.2,0.0
608,2023-06-07 13:45:00,9.77,9.75,9.78,9.75,-0.1,-0.01,1941,1895584.0,0.31,0.0
609,2023-06-07 13:50:00,9.76,9.74,9.77,9.74,-0.1,-0.01,2134,2080886.0,0.31,0.01
610,2023-06-07 13:55:00,9.74,9.74,9.75,9.73,0.0,0.0,1584,1543025.0,0.21,0.0
611,2023-06-07 14:00:00,9.74,9.73,9.74,9.72,-0.1,-0.01,5041,4904817.0,0.21,0.01
612,2023-06-07 14:05:00,9.73,9.74,9.74,9.72,0.1,0.01,2987,2906999.0,0.21,0.01
613,2023-06-07 14:10:00,9.74,9.74,9.74,9.73,0.0,0.0,1860,1810685.0,0.1,0.0
614,2023-06-07 14:15:00,9.73,9.73,9.74,9.72,-0.1,-0.01,3519,3424559.0,0.21,0.01
615,2023-06-07 14:20:00,9.73,9.75,9.76,9.73,0.21,0.02,2723,2652337.0,0.31,0.01
616,2023-06-07 14:25:00,9.75,9.73,9.76,9.73,-0.21,-0.02,2559,2495108.0,0.31,0.01
617,2023-06-07 14:30:00,9.73,9.74,9.75,9.72,0.1,0.01,4171,4059619.0,0.31,0.01
618,2023-06-07 14:35:00,9.73,9.75,9.76,9.72,0.1,0.01,3547,3454995.0,0.41,0.01
619,2023-06-07 14:40:00,9.76,9.75,9.76,9.73,0.0,0.0,4773,4652729.0,0.31,0.01
620,2023-06-07 14:45:00,9.76,9.76,9.78,9.75,0.1,0.01,6750,6594017.0,0.31,0.02
621,2023-06-07 14:50:00,9.76,9.78,9.79,9.76,0.2,0.02,5385,5263546.0,0.31,0.01
622,2023-06-07 14:55:00,9.78,9.77,9.78,9.75,-0.1,-0.01,3745,3656432.0,0.31,0.01
623,2023-06-07 15:00:00,9.77,9.79,9.79,9.76,0.2,0.02,6327,6189155.0,0.31,0.02
624,2023-06-08 09:35:00,9.78,9.86,9.88,9.75,0.72,0.07,14038,13803677.0,1.33,0.03
625,2023-06-08 09:40:00,9.86,9.84,9.87,9.82,-0.2,-0.02,9818,9667721.0,0.51,0.02
626,2023-06-08 09:45:00,9.83,9.83,9.84,9.81,-0.1,-0.01,7133,7008515.0,0.3,0.02
627,2023-06-08 09:50:00,9.83,9.87,9.88,9.82,0.41,0.04,12496,12306356.0,0.61,0.03
628,2023-06-08 09:55:00,9.87,9.89,9.9,9.85,0.2,0.02,15507,15309406.0,0.51,0.04
629,2023-06-08 10:00:00,9.89,9.89,9.9,9.88,0.0,0.0,9285,9183867.0,0.2,0.02
630,2023-06-08 10:05:00,9.9,9.98,9.99,9.89,0.91,0.09,28503,28356258.0,1.01,0.07
631,2023-06-08 10:10:00,9.97,9.97,9.98,9.95,-0.1,-0.01,10210,10178108.0,0.3,0.02
632,2023-06-08 10:15:00,9.97,9.99,10.0,9.94,0.2,0.02,19300,19239254.0,0.6,0.05
633,2023-06-08 10:20:00,9.99,10.01,10.02,9.99,0.2,0.02,17500,17505680.0,0.3,0.04
634,2023-06-08 10:25:00,10.0,10.03,10.03,10.0,0.2,0.02,14393,14412800.0,0.3,0.04
635,2023-06-08 10:30:00,10.03,10.0,10.04,10.0,-0.3,-0.03,10513,10538208.0,0.4,0.03
636,2023-06-08 10:35:00,10.01,9.97,10.01,9.97,-0.3,-0.03,8569,8560389.0,0.4,0.02
637,2023-06-08 10:40:00,9.96,9.97,9.98,9.96,0.0,0.0,6669,6650116.0,0.2,0.02
638,2023-06-08 10:45:00,9.97,10.0,10.01,9.97,0.3,0.03,7517,7506566.0,0.4,0.02
639,2023-06-08 10:50:00,10.01,9.99,10.01,9.98,-0.1,-0.01,5096,5093107.0,0.3,0.01
640,2023-06-08 10:55:00,10.0,10.07,10.08,9.99,0.8,0.08,25945,26042122.0,0.9,0.06
641,2023-06-08 11:00:00,10.07,10.05,10.07,10.03,-0.2,-0.02,5888,5918066.0,0.4,0.01
642,2023-06-08 11:05:00,10.05,10.04,10.05,10.03,-0.1,-0.01,5904,5928045.0,0.2,0.01
643,2023-06-08 11:10:00,10.03,10.04,10.05,10.02,0.0,0.0,6089,6109150.0,0.3,0.01
644,2023-06-08 11:15:00,10.04,10.05,10.05,10.03,0.1,0.01,5329,5349865.0,0.2,0.01
645,2023-06-08 11:20:00,10.04,10.05,10.05,10.04,0.0,0.0,4535,4556532.0,0.1,0.01
646,2023-06-08 11:25:00,10.04,10.05,10.05,10.03,0.0,0.0,5053,5074977.0,0.2,0.01
647,2023-06-08 11:30:00,10.04,10.03,10.05,10.03,-0.2,-0.02,3132,3145270.0,0.2,0.01
648,2023-06-08 13:05:00,10.03,10.01,10.03,10.0,-0.2,-0.02,6420,6431617.0,0.3,0.02
649,2023-06-08 13:10:00,10.01,10.01,10.02,10.0,0.0,0.0,4089,4093271.0,0.2,0.01
650,2023-06-08 13:15:00,10.01,10.01,10.02,10.01,0.0,0.0,3530,3534627.0,0.1,0.01
651,2023-06-08 13:20:00,10.01,10.01,10.02,10.0,0.0,0.0,5083,5085396.0,0.2,0.01
652,2023-06-08 13:25:00,10.02,10.03,10.03,10.01,0.2,0.02,4978,4988479.0,0.2,0.01
653,2023-06-08 13:30:00,10.03,10.02,10.04,10.0,-0.1,-0.01,5621,5630168.0,0.4,0.01
654,2023-06-08 13:35:00,10.03,10.05,10.06,10.02,0.3,0.03,7139,7169223.0,0.4,0.02
655,2023-06-08 13:40:00,10.06,10.06,10.06,10.04,0.1,0.01,6240,6275374.0,0.2,0.02
656,2023-06-08 13:45:00,10.06,10.06,10.07,10.05,0.0,0.0,8657,8706861.0,0.2,0.02
657,2023-06-08 13:50:00,10.06,10.06,10.07,10.05,0.0,0.0,4118,4143906.0,0.2,0.01
658,2023-06-08 13:55:00,10.06,10.05,10.06,10.05,-0.1,-0.01,4685,4712390.0,0.1,0.01
659,2023-06-08 14:00:00,10.06,10.06,10.07,10.05,0.1,0.01,5309,5340691.0,0.2,0.01
660,2023-06-08 14:05:00,10.06,10.06,10.07,10.06,0.0,0.0,3443,3465276.0,0.1,0.01
661,2023-06-08 14:10:00,10.06,10.05,10.07,10.05,-0.1,-0.01,5570,5605232.0,0.2,0.01
662,2023-06-08 14:15:00,10.06,10.05,10.06,10.04,0.0,0.0,5016,5039689.0,0.2,0.01
663,2023-06-08 14:20:00,10.04,10.05,10.05,10.04,0.0,0.0,2751,2764289.0,0.1,0.01
664,2023-06-08 14:25:00,10.04,10.05,10.06,10.04,0.0,0.0,5607,5637805.0,0.2,0.01
665,2023-06-08 14:30:00,10.05,10.04,10.06,10.04,-0.1,-0.01,5104,5128398.0,0.2,0.01
666,2023-06-08 14:35:00,10.05,10.05,10.06,10.04,0.1,0.01,5002,5027039.0,0.2,0.01
667,2023-06-08 14:40:00,10.05,10.05,10.06,10.04,0.0,0.0,5944,5975235.0,0.2,0.01
668,2023-06-08 14:45:00,10.05,10.05,10.06,10.05,0.0,0.0,5569,5599899.0,0.1,0.01
669,2023-06-08 14:50:00,10.05,10.06,10.07,10.05,0.1,0.01,12382,12459017.0,0.2,0.03
670,2023-06-08 14:55:00,10.06,10.07,10.08,10.06,0.1,0.01,18098,18225038.0,0.2,0.04
671,2023-06-08 15:00:00,10.07,10.08,10.08,10.06,0.1,0.01,8592,8658048.0,0.2,0.02
672,2023-06-09 09:35:00,10.05,10.08,10.14,10.01,0.0,0.0,17989,18174001.0,1.29,0.04
673,2023-06-09 09:40:00,10.08,10.15,10.15,10.06,0.69,0.07,12997,13144647.0,0.89,0.03
674,2023-06-09 09:45:00,10.15,10.13,10.15,10.12,-0.2,-0.02,10464,10605435.0,0.3,0.03
675,2023-06-09 09:50:00,10.12,10.05,10.13,10.05,-0.79,-0.08,12452,12563880.0,0.79,0.03
676,2023-06-09 09:55:00,10.05,10.03,10.06,10.03,-0.2,-0.02,15735,15794778.0,0.3,0.04
677,2023-06-09 10:00:00,10.03,10.01,10.03,9.98,-0.2,-0.02,16064,16066149.0,0.5,0.04
678,2023-06-09 10:05:00,10.01,10.0,10.04,9.99,-0.1,-0.01,7495,7501543.0,0.5,0.02
679,2023-06-09 10:10:00,10.0,10.0,10.01,9.98,0.0,0.0,8858,8850948.0,0.3,0.02
680,2023-06-09 10:15:00,10.01,10.04,10.05,10.0,0.4,0.04,6343,6362024.0,0.5,0.02
681,2023-06-09 10:20:00,10.03,10.04,10.08,10.03,0.0,0.0,7305,7347819.0,0.5,0.02
682,2023-06-09 10:25:00,10.03,10.03,10.04,10.01,-0.1,-0.01,5026,5040840.0,0.3,0.01
683,2023-06-09 10:30:00,10.03,10.03,10.05,10.02,0.0,0.0,3878,3891530.0,0.3,0.01
684,2023-06-09 10:35:00,10.03,10.01,10.04,10.0,-0.2,-0.02,6180,6189747.0,0.4,0.02
685,2023-06-09 10:40:00,10.01,10.02,10.02,10.0,0.1,0.01,4962,4968761.0,0.2,0.01
686,2023-06-09 10:45:00,10.02,10.02,10.03,10.02,0.0,0.0,4467,4477042.0,0.1,0.01
687,2023-06-09 10:50:00,10.02,10.07,10.07,10.01,0.5,0.05,6145,6170086.0,0.6,0.02
688,2023-06-09 10:55:00,10.06,10.08,10.08,10.05,0.1,0.01,5596,5635127.0,0.3,0.01
689,2023-06-09 11:00:00,10.08,10.07,10.08,10.06,-0.1,-0.01,4716,4750108.0,0.2,0.01
690,2023-06-09 11:05:00,10.06,10.07,10.08,10.06,0.0,0.0,5497,5537137.0,0.2,0.01
691,2023-06-09 11:10:00,10.08,10.06,10.09,10.06,-0.1,-0.01,7762,7818162.0,0.3,0.02
692,2023-06-09 11:15:00,10.07,10.06,10.07,10.05,0.0,0.0,2607,2621487.0,0.2,0.01
693,2023-06-09 11:20:00,10.05,10.04,10.06,10.04,-0.2,-0.02,2586,2598377.0,0.2,0.01
694,2023-06-09 11:25:00,10.05,10.04,10.06,10.02,0.0,0.0,3290,3302520.0,0.4,0.01
695,2023-06-09 11:30:00,10.05,10.06,10.07,10.04,0.2,0.02,2486,2499249.0,0.3,0.01
696,2023-06-09 13:05:00,10.06,10.06,10.08,10.03,0.0,0.0,8672,8722911.0,0.5,0.02
697,2023-06-09 13:10:00,10.08,10.1,10.1,10.05,0.4,0.04,11125,11220818.0,0.5,0.03
698,2023-06-09 13:15:00,10.11,10.1,10.12,10.09,0.0,0.0,7088,7158887.0,0.3,0.02
699,2023-06-09 13:20:00,10.1,10.09,10.1,10.08,-0.1,-0.01,7210,7278141.0,0.2,0.02
700,2023-06-09 13:25:00,10.09,10.09,10.1,10.08,0.0,0.0,9224,9307186.0,0.2,0.02
701,2023-06-09 13:30:00,10.09,10.08,10.1,10.08,-0.1,-0.01,6958,7021647.0,0.2,0.02
702,2023-06-09 13:35:00,10.08,10.09,10.1,10.08,0.1,0.01,5999,6051707.0,0.2,0.01
703,2023-06-09 13:40:00,10.09,10.12,10.12,10.09,0.3,0.03,9486,9586388.0,0.3,0.02
704,2023-06-09 13:45:00,10.12,10.12,10.13,10.11,0.0,0.0,8340,8442075.0,0.2,0.02
705,2023-06-09 13:50:00,10.12,10.14,10.15,10.12,0.2,0.02,14053,14247944.0,0.3,0.03
706,2023-06-09 13:55:00,10.14,10.14,10.14,10.13,0.0,0.0,12911,13089238.0,0.1,0.03
707,2023-06-09 14:00:00,10.14,10.15,10.15,10.14,0.1,0.01,11631,11801677.0,0.1,0.03
708,2023-06-09 14:05:00,10.15,10.14,10.15,10.14,-0.1,-0.01,9012,9142774.0,0.1,0.02
709,2023-06-09 14:10:00,10.14,10.14,10.14,10.12,0.0,0.0,7216,7312508.0,0.2,0.02
710,2023-06-09 14:15:00,10.14,10.13,10.15,10.12,-0.1,-0.01,10002,10140526.0,0.3,0.02
711,2023-06-09 14:20:00,10.12,10.14,10.15,10.11,0.1,0.01,11600,11752433.0,0.39,0.03
712,2023-06-09 14:25:00,10.14,10.16,10.16,10.12,0.2,0.02,16378,16616521.0,0.39,0.04
713,2023-06-09 14:30:00,10.15,10.16,10.16,10.14,0.0,0.0,7664,7781878.0,0.2,0.02
714,2023-06-09 14:35:00,10.16,10.15,10.16,10.14,-0.1,-0.01,9535,9676339.0,0.2,0.02
715,2023-06-09 14:40:00,10.15,10.14,10.15,10.13,-0.1,-0.01,6907,7002855.0,0.2,0.02
716,2023-06-09 14:45:00,10.14,10.15,10.15,10.13,0.1,0.01,9487,9620746.0,0.2,0.02
717,2023-06-09 14:50:00,10.15,10.14,10.15,10.14,-0.1,-0.01,11536,11707808.0,0.1,0.03
718,2023-06-09 14:55:00,10.15,10.15,10.15,10.13,0.1,0.01,16187,16423344.0,0.2,0.04
719,2023-06-09 15:00:00,10.15,10.31,10.31,10.14,1.58,0.16,64445,66309786.0,1.67,0.16
